benchmark,task_id,task_type,long_horizon,K,transitions,horizon,reward_machine,program_source
Meta-World,assembly-v3,Precise,True,5,4,500,reward_machines/metaworld/assembly-v3.json,frame_vlm_main_table_round5
Meta-World,basketball-v3,Precise,True,5,4,500,reward_machines/metaworld/basketball-v3.json,frame_vlm_main_table_round5
Meta-World,bin-picking-v3,Precise,True,5,4,500,reward_machines/metaworld/bin-picking-v3.json,frame_vlm_main_table_round5
Meta-World,box-close-v3,Artic.,True,5,4,500,reward_machines/metaworld/box-close-v3.json,frame_vlm_main_table_round5
Meta-World,button-press-topdown-v3,Artic.,False,3,2,200,reward_machines/metaworld/button-press-topdown-v3.json,frame_vlm_main_table_round5
Meta-World,button-press-topdown-wall-v3,Artic.,False,3,2,200,reward_machines/metaworld/button-press-topdown-wall-v3.json,frame_vlm_main_table_round5
Meta-World,button-press-v3,Artic.,False,3,2,200,reward_machines/metaworld/button-press-v3.json,frame_vlm_main_table_round5
Meta-World,button-press-wall-v3,Artic.,False,3,2,200,reward_machines/metaworld/button-press-wall-v3.json,frame_vlm_main_table_round5
Meta-World,coffee-button-v3,Artic.,False,3,2,200,reward_machines/metaworld/coffee-button-v3.json,frame_vlm_main_table_round5
Meta-World,coffee-pull-v3,Rigid,True,5,4,500,reward_machines/metaworld/coffee-pull-v3.json,frame_vlm_main_table_round5
Meta-World,coffee-push-v3,Rigid,False,3,2,200,reward_machines/metaworld/coffee-push-v3.json,frame_vlm_main_table_round5
Meta-World,dial-turn-v3,Artic.,False,3,2,200,reward_machines/metaworld/dial-turn-v3.json,frame_vlm_main_table_round5
Meta-World,disassemble-v3,Precise,True,5,4,500,reward_machines/metaworld/disassemble-v3.json,frame_vlm_main_table_round5
Meta-World,door-close-v3,Artic.,False,3,2,200,reward_machines/metaworld/door-close-v3.json,frame_vlm_main_table_round5
Meta-World,door-lock-v3,Artic.,False,3,2,200,reward_machines/metaworld/door-lock-v3.json,frame_vlm_main_table_round5
Meta-World,door-open-v3,Artic.,False,3,2,200,reward_machines/metaworld/door-open-v3.json,frame_vlm_main_table_round5
Meta-World,door-unlock-v3,Artic.,False,3,2,200,reward_machines/metaworld/door-unlock-v3.json,frame_vlm_main_table_round5
Meta-World,drawer-close-v3,Artic.,False,3,2,200,reward_machines/metaworld/drawer-close-v3.json,frame_vlm_main_table_round5
Meta-World,drawer-open-v3,Artic.,False,3,2,200,reward_machines/metaworld/drawer-open-v3.json,frame_vlm_main_table_round5
Meta-World,faucet-close-v3,Artic.,False,3,2,200,reward_machines/metaworld/faucet-close-v3.json,frame_vlm_main_table_round5
Meta-World,faucet-open-v3,Artic.,False,3,2,200,reward_machines/metaworld/faucet-open-v3.json,frame_vlm_main_table_round5
Meta-World,hammer-v3,Tool,False,3,2,200,reward_machines/metaworld/hammer-v3.json,frame_vlm_main_table_round5
Meta-World,hand-insert-v3,Precise,True,5,4,500,reward_machines/metaworld/hand-insert-v3.json,frame_vlm_main_table_round5
Meta-World,handle-press-side-v3,Artic.,False,3,2,200,reward_machines/metaworld/handle-press-side-v3.json,frame_vlm_main_table_round5
Meta-World,handle-press-v3,Artic.,False,3,2,200,reward_machines/metaworld/handle-press-v3.json,frame_vlm_main_table_round5
Meta-World,handle-pull-side-v3,Artic.,False,3,2,200,reward_machines/metaworld/handle-pull-side-v3.json,frame_vlm_main_table_round5
Meta-World,handle-pull-v3,Artic.,False,3,2,200,reward_machines/metaworld/handle-pull-v3.json,frame_vlm_main_table_round5
Meta-World,lever-pull-v3,Artic.,False,3,2,200,reward_machines/metaworld/lever-pull-v3.json,frame_vlm_main_table_round5
Meta-World,peg-insert-side-v3,Precise,True,5,4,500,reward_machines/metaworld/peg-insert-side-v3.json,frame_vlm_main_table_round5
Meta-World,peg-unplug-side-v3,Precise,True,5,4,500,reward_machines/metaworld/peg-unplug-side-v3.json,frame_vlm_main_table_round5
Meta-World,pick-out-of-hole-v3,Precise,False,3,2,200,reward_machines/metaworld/pick-out-of-hole-v3.json,frame_vlm_main_table_round5
Meta-World,pick-place-v3,Rigid,True,5,4,500,reward_machines/metaworld/pick-place-v3.json,frame_vlm_main_table_round5
Meta-World,pick-place-wall-v3,Precise,False,3,2,200,reward_machines/metaworld/pick-place-wall-v3.json,frame_vlm_main_table_round5
Meta-World,plate-slide-back-side-v3,Rigid,False,3,2,200,reward_machines/metaworld/plate-slide-back-side-v3.json,frame_vlm_main_table_round5
Meta-World,plate-slide-back-v3,Rigid,False,3,2,200,reward_machines/metaworld/plate-slide-back-v3.json,frame_vlm_main_table_round5
Meta-World,plate-slide-side-v3,Rigid,False,3,2,200,reward_machines/metaworld/plate-slide-side-v3.json,frame_vlm_main_table_round5
Meta-World,plate-slide-v3,Rigid,False,3,2,200,reward_machines/metaworld/plate-slide-v3.json,frame_vlm_main_table_round5
Meta-World,push-back-v3,Rigid,False,3,2,200,reward_machines/metaworld/push-back-v3.json,frame_vlm_main_table_round5
Meta-World,push-v3,Rigid,False,3,2,200,reward_machines/metaworld/push-v3.json,frame_vlm_main_table_round5
Meta-World,push-wall-v3,Rigid,True,5,4,500,reward_machines/metaworld/push-wall-v3.json,frame_vlm_main_table_round5
Meta-World,reach-v3,Rigid,False,1,0,200,reward_machines/metaworld/reach-v3.json,frame_vlm_main_table_round5
Meta-World,reach-wall-v3,Rigid,False,1,0,200,reward_machines/metaworld/reach-wall-v3.json,frame_vlm_main_table_round5
Meta-World,shelf-place-v3,Precise,True,5,4,500,reward_machines/metaworld/shelf-place-v3.json,frame_vlm_main_table_round5
Meta-World,soccer-v3,Rigid,False,3,2,200,reward_machines/metaworld/soccer-v3.json,frame_vlm_main_table_round5
Meta-World,stick-pull-v3,Tool,False,4,3,200,reward_machines/metaworld/stick-pull-v3.json,frame_vlm_main_table_round5
Meta-World,stick-push-v3,Tool,False,4,3,200,reward_machines/metaworld/stick-push-v3.json,frame_vlm_main_table_round5
Meta-World,sweep-into-v3,Rigid,False,3,2,200,reward_machines/metaworld/sweep-into-v3.json,frame_vlm_main_table_round5
Meta-World,sweep-v3,Rigid,False,3,2,200,reward_machines/metaworld/sweep-v3.json,frame_vlm_main_table_round5
Meta-World,window-close-v3,Artic.,False,3,2,200,reward_machines/metaworld/window-close-v3.json,frame_vlm_main_table_round5
Meta-World,window-open-v3,Artic.,False,3,2,200,reward_machines/metaworld/window-open-v3.json,frame_vlm_main_table_round5
ManiSkill,DrawTriangle-v1,Tool,False,4,3,100,reward_machines/maniskill/DrawTriangle-v1.json,frame_vlm_main_table_round5
ManiSkill,FMBAssembly1Easy-v1,Precise,True,6,5,500,reward_machines/maniskill/FMBAssembly1Easy-v1.json,frame_vlm_main_table_round5
ManiSkill,LiftPegUpright-v1,Precise,False,4,3,100,reward_machines/maniskill/LiftPegUpright-v1.json,frame_vlm_main_table_round5
ManiSkill,PegInsertionSide-v1,Precise,False,4,3,100,reward_machines/maniskill/PegInsertionSide-v1.json,frame_vlm_main_table_round5
ManiSkill,PickCube-v1,Rigid,False,3,2,100,reward_machines/maniskill/PickCube-v1.json,frame_vlm_main_table_round5
ManiSkill,PickSingleYCB-v1,Rigid,False,4,3,100,reward_machines/maniskill/PickSingleYCB-v1.json,frame_vlm_main_table_round5
ManiSkill,PlaceSphere-v1,Rigid,False,4,3,100,reward_machines/maniskill/PlaceSphere-v1.json,frame_vlm_main_table_round5
ManiSkill,PlugCharger-v1,Precise,True,5,4,100,reward_machines/maniskill/PlugCharger-v1.json,frame_vlm_main_table_round5
ManiSkill,PokeCube-v1,Tool,False,4,3,100,reward_machines/maniskill/PokeCube-v1.json,frame_vlm_main_table_round5
ManiSkill,PullCube-v1,Rigid,False,3,2,100,reward_machines/maniskill/PullCube-v1.json,frame_vlm_main_table_round5
ManiSkill,PullCubeTool-v1,Tool,False,4,3,100,reward_machines/maniskill/PullCubeTool-v1.json,frame_vlm_main_table_round5
ManiSkill,PushCube-v1,Rigid,False,3,2,100,reward_machines/maniskill/PushCube-v1.json,frame_vlm_main_table_round5
ManiSkill,PushT-v1,Precise,False,4,3,100,reward_machines/maniskill/PushT-v1.json,frame_vlm_main_table_round5
ManiSkill,RollBall-v1,Rigid,False,4,3,100,reward_machines/maniskill/RollBall-v1.json,frame_vlm_main_table_round5
ManiSkill,RotateValveLevel4-v1,Artic.,False,4,3,100,reward_machines/maniskill/RotateValveLevel4-v1.json,frame_vlm_main_table_round5
ManiSkill,StackCube-v1,Rigid,True,5,4,100,reward_machines/maniskill/StackCube-v1.json,frame_vlm_main_table_round5
ManiSkill,StackPyramid-v1,Precise,True,7,6,250,reward_machines/maniskill/StackPyramid-v1.json,frame_vlm_main_table_round5
ManiSkill,TriFingerRotateCubeLevel4-v1,Precise,False,4,3,100,reward_machines/maniskill/TriFingerRotateCubeLevel4-v1.json,frame_vlm_main_table_round5
ManiSkill,TwoRobotStackCube-v1,Precise,True,5,4,100,reward_machines/maniskill/TwoRobotStackCube-v1.json,frame_vlm_main_table_round5
SoftGym,ClothDrop,Deform.,False,2,1,100,reward_machines/softgym/ClothDrop.json,frame_vlm_main_table_round5
SoftGym,ClothFlatten,Deform.,False,2,1,100,reward_machines/softgym/ClothFlatten.json,frame_vlm_main_table_round5
SoftGym,ClothFold,Deform.,False,2,1,100,reward_machines/softgym/ClothFold.json,frame_vlm_main_table_round5
SoftGym,PassWater,Fluid,False,2,1,100,reward_machines/softgym/PassWater.json,frame_vlm_main_table_round5
SoftGym,PourWater,Fluid,False,2,1,100,reward_machines/softgym/PourWater.json,frame_vlm_main_table_round5
SoftGym,RopeFlatten,Deform.,False,2,1,100,reward_machines/softgym/RopeFlatten.json,frame_vlm_main_table_round5
